EAN,color
4049333844284,#3dabff
4049333844291,
4049333844307,
4049333844314,
4049333844321,
4049333844338,
4049333844345,
4049333844352,
4049333844369,
4049333844376,
4049333844383,
4049333844390,
4049333844406,
4049333844413,
4049333844420,
4049333844437,
4049333844444,
4049333844451,
4049333845182,
4049333845199,
4049333845205,
4049333845212,
4049333845229,
4049333845236,
4049333845243,
4049333845250,
4049333845267,
4049333845274,
4049333845281,
4049333845298,
4049333845304,
4049333845311,
4049333845328,
4049333845335,
4049333845342,
4049333845359,
4052049166021,
4052049183660,
4052049183677,
4052049183684,
4052049183691,
4052049183707,
4052049183714,
4052049183721,
4052049183738,
4052049183745,
4052049183752,
4052049183769,
4052049183776,
4052049183783,
4052049183790,
4052049183806,
4052049183813,
4052049183820,
4052049183837,
4052049241674,
4052049241681,
4052049241698,
4052049241704,
4052049241711,
4052049241728,
4052049241735,
4052049241742,
4052049241759,
4052049241766,
4052049241773,
4052049241780,
4052049241797,
4052049241803,
4052049241810,
4052049241827,
4052049241834,
4052049241841,
4052049242213,
4052049242220,
4052049242237,
4052049242244,
4052049242251,
4052049242268,
4052049242275,
4052049242282,
4052049242299,
4052049242305,
4052049242312,
4052049242329,
4052049242336,
4052049242343,
4052049242350,
4052049242367,
4052049242374,
4052049306205,
4052049306212,
4052049306229,
4052049306236,
4052049306243,
4052049306250,
4052049306267,
4052049306274,
4052049306281,
4052049306298,
4052049306304,
4052049306311,
4052049306328,
4052049306335,
4052049306342,
4052049306359,
4052049306366,
4052049306373,
4052049558321,
4052049560003,
4052049561307,
4052049561314,
4052049561321,
4052049561338,
4052049561345,
4052049561352,
4052049561369,
4052049561376,
4052049561383,
4052049561390,
4052049561406,
4052049561413,
4052049561420,
4052049561437,
4052049561444,
4052049561451,
4052049561468,
4052049561475,
4052049689308,
4052049689315,
4052049689322,
4052049689339,
4052049689346,
4052049689353,
4052049689360,
4052049689377,
4052049689384,
4052049689391,
4052049689407,
4052049690588,
4052049690595,
4052049690601,
4052049690618,
4052049690625,
4052049690632,
4052049690649,
4052049690656,
4052049690663,
4052049690670,
4052049690687,
4052049708276,
4052049708283,
4052049708290,
4052049708306,
4052049708313,
4052049708320,
4052049708337,
4052049708344,
4052049708351,
4052049708368,
4052049708375,
4052049708382,
4052049708399,
4052049708405,
4052049708412,
4052049708429,
4052049708436,
4052049708443,
4052049708450,
4052049708467,
4052049708474,
4052049708481,
4052049708498,
4052049708504,
4052049708511,
4052049708528,
4052049708535,
4052049708542,
4052049708559,
4052049708566,
4052049905088,
4052049905095,
4052049905101,
4052049905118,
4052049905125,
4052049905132,
4052049905149,
4052049905156,
4052049905163,
4052049905170,
4052049905187,
4052049905194,
4052049905200,
4052049905217,
4052049905224,
4052049905231,
4052049905248,
4052049922283,
4052049922290,
4052049922306,
4052049922313,
4052049922320,
4052049922337,
4052049922344,
4052049922351,
4052049922368,
4052049922375,
4052049922382,
4052049922399,
4052049922405,
4052049922412,
4052049922429,
4052049922436,
4052049922443,
4052049922450,
4052049922467,
4052049922474,
4052049922481,
4052049922498,
4052049922504,
4052049922511,
4052049922528,
4052049922535,
4052049922542,
4052049922559,
4052049922566,
4052049922573,
4052049922580,
4052049922597,
4052049922603,
4052049922610,
4052049922627,
4052049922634,
4052049925505,
4052049925512,
4052049925529,
4052049925536,
4052049925543,
4052049925550,
4052049925567,
4052049925574,
4052049925581,
4052049925598,
4052049925604,
4052049925611,
4052049925628,
4052049925635,
4052049925642,
4052049925659,
4052049925666,
4052049925673,
4052049939397,
4052847025018,
4052847025025,
4052847025032,
4052847025049,
4052847025056,
4052847025063,
4052847025070,
4052847025087,
4052847025094,
4052847025100,
4052847025117,
4052847025124,
4052847025131,
4052847025148,
4052847025155,
4052847025162,
4052847025179,
4052847025186,
4052847025193,
4052847025209,
4052847025414,
4052847025421,
4052847025438,
4052847025445,
4052847025452,
4052847025469,
4052847025476,
4052847025483,
4052847025490,
4052847025506,
4052847025513,
4052847025520,
4052847025537,
4052847025544,
4052847025551,
4052847025568,
4052847025575,
4052847025582,
4052847025599,
4052847025605,
4052847029016,
4052847029023,
4052847029030,
4052847029047,
4052847029054,
4052847029061,
4052847029078,
4052847029085,
4052847029092,
4052847029108,
4052847029115,
4052847029122,
4052847029139,
4052847029146,
4052847029153,
4052847029160,
4052847029177,
4052847029184,
4052847029191,
4052847029207,
4052847029214,
4052847029221,
4052847029238,
4052847029245,
4052847029252,
4052847029269,
4052847029276,
4052847029283,
4052847029290,
4052847029306,
4052847029313,
4052847029320,
4052847029337,
4052847029344,
4052847029351,
4052847029368,
4052847029375,
4052847029382,
4052847029399,
4052847029405,
4052847029818,
4052847029825,
4052847029832,
4052847029849,
4052847029856,
4052847029863,
4052847029870,
4052847029887,
4052847029894,
4052847029900,
4052847029917,
4052847029924,
4052847029931,
4052847029948,
4052847029955,
4052847029962,
4052847029979,
4052847029986,
4052847029993,
4052847030005,
4052847031415,
4052847031422,
4052847031439,
4052847031446,
4052847031453,
4052847031460,
4052847031477,
4052847031484,
4052847031491,
4052847031507,
4052847031514,
4052847031521,
4052847031538,
4052847031545,
4052847031552,
4052847031569,
4052847031576,
4052847031583,
4052847031590,
4052847031606,
4052847086859,
4052847086866,
4052847086873,
4052847086880,
4052847086897,
4052847086903,
4052847086910,
4052847086927,
4052847086934,
4052847086941,
4052847086958,
4052847086965,
4052847086972,
4052847086989,
4052847086996,
4052847087009,
4052847087016,
4052847087023,
4052847087030,
4052847087047,
4052847091600,
4052847091617,
4052847091624,
4052847091631,
4052847091648,
4052847091655,
4052847091662,
4052847091679,
4052847091686,
4052847091693,
4052847091709,
4052847091716,
4052847091723,
4052847091730,
4052847091747,
4052847091754,
4052847091761,
4052847091778,
4052847091785,
4052847091792,
4052847091808,
4052847091815,
4052847091822,
4052847091839,
4052847091846,
4052847091853,
4052847091860,
4052847091877,
4052847091884,
4052847091891,
4052847091907,
4052847091914,
4052847091921,
4052847091938,
4052847091945,
4052847091952,
4052847091969,
4052847091976,
4052847091983,
4052847091990,
4052847092591,
4052847092607,
4052847092614,
4052847092621,
4052847092638,
4052847092645,
4052847092652,
4052847092669,
4052847092676,
4052847092683,
4052847092690,
4052847092706,
4052847092713,
4052847092720,
4052847092737,
4052847092744,
4052847092751,
4052847092768,
4052847092775,
4052847092782,
4052847092799,
4052847092805,
4052847092812,
4052847092829,
4052847092836,
4052847092843,
4052847092850,
4052847092867,
4052847092874,
4052847092881,
4052847092898,
4052847092904,
4052847092911,
4052847092928,
4052847092935,
4052847092942,
4052847092959,
4052847092966,
4052847092973,
4052847092980,
4052847109152,
4052847109169,
4052847109176,
4052847109183,
4052847109190,
4052847109206,
4052847109213,
4052847109220,
4052847109237,
4052847109244,
4052847109251,
4052847109268,
4052847109275,
4052847109282,
4052847109299,
4052847109305,
4052847109312,
4052847109329,
4052847109336,
4052847109343,
4052847109541,
4052847109558,
4052847109565,
4052847109572,
4052847109589,
4052847109596,
4052847109602,
4052847109619,
4052847109626,
4052847109633,
4052847109640,
4052847109657,
4052847109664,
4052847109671,
4052847109688,
4052847109695,
4052847109701,
4052847109718,
4052847109725,
4052847109732,
4052847152806,
4052847152813,
4052847152820,
4052847152837,
4052847152844,
4052847152851,
4052847152868,
4052847152875,
4052847152882,
4052847152899,
4052847152905,
4052847152912,
4052847152929,
4052847152936,
4052847152943,
4052847152950,
4052847152967,
4052847152974,
4052847152981,
4052847152998,
4052847179513,
4052847232270,
4052847232287,
4052847232294,
4052847232300,
4052847232317,
4052847232324,
4052847232331,
4052847232348,
4052847232355,
4052847232362,
4052847232379,
4052847232386,
4052847232393,
4052847232409,
4052847232416,
4052847232423,
4052847232430,
4052847232447,
4052847232454,
4052847342658,
4052847342665,
4052847342672,
4052847342689,
4052847342696,
4052847342702,
4052847342719,
4052847342726,
4052847342733,
4052847342740,
4052847342757,
4052847342764,
4052847342771,
4052847342788,
4052847342795,
4052847342801,
4052847342818,
4052847342825,
4052847342832,
4052847342849,
4052847343259,
4052847343266,
4052847343273,
4052847343280,
4052847343297,
4052847343303,
4052847343310,
4052847343327,
4052847343334,
4052847343341,
4052847343358,
4052847343365,
4052847343372,
4052847343389,
4052847343396,
4052847343402,
4052847343419,
4052847343426,
4052847343433,
4052847343440,
4052847343655,
4052847343662,
4052847343679,
4052847343686,
4052847343693,
4052847343709,
4052847343716,
4052847343723,
4052847343730,
4052847343747,
4052847343754,
4052847343761,
4052847343778,
4052847343785,
4052847343792,
4052847343808,
4052847343815,
4052847343822,
4052847343839,
4052847343846,
4052847359762,
4052847387420,
4052847387437,
4052847387444,
4052847387451,
4052847387468,
4052847387475,
4052847387482,
4052847387499,
4052847387505,
4052847387512,
4052847387529,
4052847387536,
4052847387543,
4052847387550,
4052847387567,
4052847387574,
4052847387581,
4052847387598,
4052847387604,
4052847387611,
4052847388007,
4052847388014,
4052847388021,
4052847388038,
4052847388045,
4052847388052,
4052847388069,
4052847388076,
4052847388083,
4052847388090,
4052847388106,
4052847388113,
4052847388120,
4052847388137,
4052847388144,
4052847388151,
4052847388168,
4052847388175,
4052847388182,
4052847388199,
4052847388205,
4052847388212,
4052847388229,
4052847388236,
4052847388243,
4052847388250,
4052847388267,
4052847388274,
4052847388281,
4052847388298,
4052847388304,
4052847388311,
4052847388328,
4052847388335,
4052847388342,
4052847388359,
4052847388366,
4052847388373,
4052847388380,
4052847388397,
4052847400037,
4052847400044,
4052847400051,
4052847400068,
4052847400075,
4052847400082,
4052847400099,
4052847400105,
4052847400112,
4052847400129,
4052847400136,
4052847400143,
4052847400150,
4052847400167,
4052847400174,
4052847400181,
4052847400198,
4052847400204,
4052847400211,
4052847400228,
4052847400235,
4052847400242,
4052847400259,
4052847400266,
4052847400273,
4052847400280,
4052847400297,
4052847400303,
4052847400310,
4052847400327,
4052847400334,
4052847400341,
4052847400358,
4052847400365,
4052847400372,
4052847400389,
4052847400396,
4052847400402,
4052847400419,
4052847458502,
4052847458519,
4052847458526,
4052847458533,
4052847458540,
4052847458557,
4052847458564,
4052847458571,
4052847458588,
4052847458595,
4052847458601,
4052847458618,
4052847458625,
4052847458632,
4052847458649,
4052847458656,
4052847458663,
4052847458670,
4052847458687,
4052847458694,
4052847458700,
4052847458717,
4052847458724,
4052847458731,
4052847458748,
4052847458755,
4052847458762,
4052847458779,
4052847458786,
4052847458793,
4052847458809,
4052847458816,
4052847458823,
4052847458830,
4052847458847,
4052847458854,
4052847458861,
4052847458878,
4052847458885,
4052847458892,
4052847483634,
4052847484020,
4052847484037,
4052847484044,
4052847484051,
4052847484068,
4052847484075,
4052847484082,
4052847484099,
4052847484105,
4052847484112,
4052847484129,
4052847484136,
4052847484143,
4052847484150,
4052847484167,
4052847484174,
4052847484181,
4052847484198,
4052847484204,
4052847484211,
4052847484228,
4052847484235,
4052847484242,
4052847484259,
4052847484266,
4052847484273,
4052847484280,
4052847484297,
4052847484303,
4052847484310,
4052847484327,
4052847484334,
4052847484341,
4052847484358,
4052847484365,
4052847484372,
4052847484389,
4052847484396,
4052847484402,
4052847484419,
4052847522166,
4052847522173,
4052847522180,
4052847522197,
4052847522203,
4052847522210,
4052847522227,
4052847522234,
4052847522241,
4052847522258,
4052847522265,
4052847522272,
4052847522289,
4052847522296,
4052847522302,
4052847522319,
4052847522326,
4052847522333,
4052847522340,
4052847522555,
4052847522562,
4052847522579,
4052847522586,
4052847522593,
4052847522609,
4052847522616,
4052847522623,
4052847522630,
4052847522647,
4052847522654,
4052847522661,
4052847522678,
4052847522685,
4052847522692,
4052847522708,
4052847522715,
4052847522722,
4052847522739,
4052847522746,
4052847522753,
4052847522760,
4052847522777,
4052847522784,
4052847522791,
4052847522807,
4052847522814,
4052847522821,
4052847522838,
4052847522845,
4052847522852,
4052847522869,
4052847522876,
4052847522883,
4052847522890,
4052847522906,
4052847522913,
4052847522920,
4052847522937,
4052847522944,
4052847522951,
4052847522968,
4052847522975,
4052847522982,
4052847522999,
4052847523002,
4052847523019,
4052847523026,
4052847523033,
4052847523040,
4052847523057,
4052847523064,
4052847523071,
4052847523088,
4052847523095,
4052847523101,
4052847523118,
4052847523125,
4052847523132,
4052847523149,
4052847548241,
4052847548319,
4052847584577,
4052847584584,
4052847584591,
4052847584607,
4052847584614,
4052847584621,
4052847584638,
4052847584645,
4052847584652,
4052847584669,
4052847584676,
4052847584683,
4052847584690,
4052847584706,
4052847584713,
4052847584720,
4052847584737,
4052847584744,
4052847584751,
4052847584966,
4052847584973,
4052847584980,
4052847584997,
4052847585000,
4052847585017,
4052847585024,
4052847585031,
4052847585048,
4052847585055,
4052847585062,
4052847585079,
4052847585086,
4052847585093,
4052847585109,
4052847585116,
4052847585123,
4052847585130,
4052847585147,
4052847585154,
4052847595504,
4052847595511,
4052847595528,
4052847595535,
4052847595542,
4052847595559,
4052847595566,
4052847595573,
4052847595580,
4052847595597,
4052847595603,
4052847595610,
4052847595627,
4052847595634,
4052847595641,
4052847595658,
4052847595665,
4052847595672,
4052847595689,
4052847595696,
4052847595702,
4052847595719,
4052847595726,
4052847595733,
4052847595740,
4052847595757,
4052847595764,
4052847595771,
4052847595788,
4052847595795,
4052847595801,
4052847595818,
4052847595825,
4052847595832,
4052847595849,
4052847595856,
4052847595863,
4052847595870,
4052847595887,
4052847595894,
4052847595900,
4052847595917,
4052847595924,
4052847595931,
4052847595948,
4052847595955,
4052847595962,
4052847595979,
4052847595986,
4052847595993,
4052847596006,
4052847596013,
4052847596020,
4052847596037,
4052847596044,
4052847596051,
4052847596068,
4052847596075,
4052847596082,
4052847596099,
4052847596105,
4052847596112,
4052847596129,
4052847596136,
4052847596143,
4052847596150,
4052847596167,
4052847596174,
4052847596181,
4052847596198,
4052847596204,
4052847596211,
4052847596228,
4052847596235,
4052847596242,
4052847596259,
4052847596266,
4052847596273,
4052847596280,
4052847603995,
4052847604008,
4052847604015,
4052847604022,
4052847604039,
4052847604046,
4052847604053,
4052847604060,
4052847604077,
4052847604084,
4052847604091,
4052847604107,
4052847604114,
4052847604121,
4052847604138,
4052847604145,
4052847604152,
4052847604169,
4052847604176,
4052847604183,
4052847634753,
4052847637037,
4052847645391,
4052847645407,
4052847645414,
4052847645421,
4052847645438,
4052847645445,
4052847645452,
4052847645469,
4052847645476,
4052847645483,
4052847645490,
4052847645506,
4052847645513,
4052847645520,
4052847645537,
4052847645544,
4052847645551,
4052847645568,
4052847645575,
4052847645582,
4052847645599,
4052847645605,
4052847645612,
4052847645629,
4052847645636,
4052847645643,
4052847645650,
4052847645667,
4052847645674,
4052847645681,
4052847645698,
4052847645704,
4052847645711,
4052847645728,
4052847645735,
4052847645742,
4052847645759,
4052847645766,
4052847645773,
4052847645780,
4052847663166,
4052847663173,
4052847663180,
4052847663197,
4052847663203,
4052847663210,
4052847663227,
4052847663234,
4052847663241,
4052847663258,
4052847663265,
4052847663272,
4052847663289,
4052847663296,
4052847663302,
4052847663319,
4052847663326,
4052847663333,
4052847663340,
4052847663357,
4052847673653,
4052847673660,
4052847673677,
4052847673684,
4052847673691,
4052847673707,
4052847673714,
4052847673721,
4052847673738,
4052847673745,
4052847673752,
4052847673769,
4052847673776,
4052847673783,
4052847673790,
4052847673806,
4052847673813,
4052847673820,
4052847673837,
4052847681290,
4052847681306,
4052847681313,
4052847681320,
4052847681337,
4052847681344,
4052847681351,
4052847681368,
4052847681375,
4052847681382,
4052847681399,
4052847681405,
4052847681412,
4052847681429,
4052847681436,
4052847681443,
4052847681450,
4052847681467,
4052847681474,
4052847681481,
4052847682297,
4052847682303,
4052847682310,
4052847682327,
4052847682334,
4052847682341,
4052847682358,
4052847682365,
4052847682372,
4052847682389,
4052847682396,
4052847682402,
4052847682419,
4052847682426,
4052847682433,
4052847682440,
4052847682457,
4052847682464,
4052847682471,
4052847685168,
4052847707815,
4052847707822,
4052847707839,
4052847707846,
4052847707853,
4052847707860,
4052847707877,
4052847707884,
4052847707891,
4052847707907,
4052847707914,
4052847707921,
4052847707938,
4052847707945,
4052847707952,
4052847707969,
4052847707976,
4052847707983,
4052847707990,
4052847719962,
4052847719979,
4052847719986,
4052847719993,
4052847720005,
4052847720012,
4052847720029,
4052847720036,
4052847720043,
4052847720050,
4052847720067,
4052847720074,
4052847720081,
4052847720098,
4052847720104,
4052847720111,
4052847720128,
4052847720135,
4052847720142,
4052847720159,
4052847720364,
4052847720371,
4052847720388,
4052847720395,
4052847720401,
4052847720418,
4052847720425,
4052847720432,
4052847720449,
4052847720456,
4052847720463,
4052847720470,
4052847720487,
4052847720494,
4052847720500,
4052847720517,
4052847720524,
4052847720531,
4052847720548,
4052847720555,
4052847724348,
4052847724355,
4052847724362,
4052847724379,
4052847724386,
4052847724393,
4052847724409,
4052847724416,
4052847724423,
4052847724430,
4052847724447,
4052847724454,
4052847724461,
4052847724478,
4052847724485,
4052847724492,
4052847724508,
4052847724515,
4052847724522,
4052847724539,
4052847740942,
4052847740959,
4052847741086,
4052847743981,
4052847744742,
4052847744759,
4052847744766,
4052847744773,
4052847744780,
4052847744797,
4052847744803,
4052847744810,
4052847744827,
4052847744834,
4052847744841,
4052847744858,
4052847744865,
4052847744872,
4052847744889,
4052847744896,
4052847744902,
4052847744919,
4052847744926,
4052847744933,
4052847744940,
4052847744957,
4052847744964,
4052847744971,
4052847744988,
4052847744995,
4052847745008,
4052847745015,
4052847745022,
4052847745039,
4052847745046,
4052847745053,
4052847745060,
4052847745077,
4052847745084,
4052847745091,
4052847745107,
4052847745114,
4052847745121,
4052847745138,
4052847745343,
4052847745718,
4052847745725,
4052847745732,
4052847745749,
4052847745756,
4052847745763,
4052847745770,
4052847745787,
4052847745794,
4052847745893,
4052847746210,
4052847746227,
4052847746234,
4052847746241,
4052847746258,
4052847746265,
4052847746272,
4052847746289,
4052847746296,
4052847746579,
4052847746722,
4052847746739,
4052847746746,
4052847746753,
4052847746760,
4052847746777,
4052847746784,
4052847746791,
4052847746807,
4052847749303,
4052847749310,
4052847752518,
4052847752525,
4052847752532,
4052847752549,
4052847752556,
4052847752563,
4052847752570,
4052847752587,
4052847752594,
4052847752600,
4052847752617,
4052847752624,
4052847752631,
4052847752648,
4052847752655,
4052847752662,
4052847752679,
4052847752686,
4052847752693,
4052847752709,
4052847757247,
4052847757254,
4052847757261,
4052847757278,
4052847757285,
4052847757292,
4052847757308,
4052847757315,
4052847757322,
4052847757339,
4052847757346,
4052847757353,
4052847757360,
4052847757377,
4052847757384,
4052847757391,
4052847757407,
4052847757414,
4052847757421,
4052847757438,
4052847758237,
4052847758244,
4052847758251,
4052847758268,
4052847758275,
4052847758282,
4052847758299,
4052847758305,
4052847758312,
4052847758329,
4052847758336,
4052847758343,
4052847758350,
4052847758367,
4052847758374,
4052847758381,
4052847758398,
4052847758404,
4052847758411,
4052847758428,
4052847758435,
4052847758442,
4052847758459,
4052847758466,
4052847758473,
4052847758480,
4052847758497,
4052847758503,
4052847758510,
4052847758527,
4052847758534,
4052847758541,
4052847758558,
4052847758565,
4052847758572,
4052847758589,
4052847758596,
4052847758602,
4052847758619,
4052847758626,
4052847758831,
4052847758848,
4052847758855,
4052847758862,
4052847758879,
4052847758886,
4052847758893,
4052847758909,
4052847758916,
4052847758923,
4052847758930,
4052847758947,
4052847758954,
4052847758961,
4052847758978,
4052847758985,
4052847758992,
4052847759005,
4052847759012,
4052847759029,
4052847760032,
4052847760049,
4052847760056,
4052847760063,
4052847760070,
4052847760087,
4052847760094,
4052847760100,
4052847760117,
4052847760124,
4052847760131,
4052847760148,
4052847760155,
4052847760162,
4052847760179,
4052847760186,
4052847760193,
4052847760209,
4052847760216,
4052847760223,
4052847762760,
4052847762777,
4052847762784,
4052847762791,
4052847762807,
4052847762814,
4052847762821,
4052847762838,
4052847762845,
4052847762852,
4052847762869,
4052847762876,
4052847762883,
4052847762890,
4052847762906,
4052847762913,
4052847762920,
4052847762937,
4052847762944,
4052847762951,
4052847766942,
4052847766959,
4052847766966,
4052847766973,
4052847766980,
4052847766997,
4052847767000,
4052847767017,
4052847767024,
4052847767031,
4052847767048,
4052847767055,
4052847767062,
4052847767079,
4052847767086,
4052847767093,
4052847767109,
4052847767116,
4052847767123,
4052847772561,
4052847772578,
4052847772585,
4052847772592,
4052847772608,
4052847772615,
4052847772622,
4052847772639,
4052847772646,
4052847772653,
4052847772660,
4052847772677,
4052847772684,
4052847772691,
4052847772707,
4052847772714,
4052847772721,
4052847772738,
4052847772745,
4052847772752,
4052847772769,
4052847772776,
4052847772783,
4052847772790,
4052847772806,
4052847772813,
4052847772820,
4052847772837,
4052847772844,
4052847772851,
4052847772868,
4052847772875,
4052847772882,
4052847772899,
4052847772905,
4052847772912,
4052847772929,
4052847772936,
4052847772943,
4052847772950,
4052847773957,
4052847773964,
4052847773971,
4052847773988,
4052847773995,
4052847774008,
4052847774015,
4052847774022,
4052847774039,
4052847774046,
4052847774053,
4052847774060,
4052847774077,
4052847774084,
4052847774091,
4052847774107,
4052847774114,
4052847774121,
4052847774138,
4052847778068,
4052847778075,
4052847778082,
4052847778099,
4052847778105,
4052847778112,
4052847778129,
4052847778136,
4052847778143,
4052847778150,
4052847778167,
4052847778174,
4052847778181,
4052847778198,
4052847778204,
4052847778211,
4052847778228,
4052847778235,
4052847778242,
4052847784953,
4052847784960,
4052847784977,
4052847784984,
4052847784991,
4052847785004,
4052847785011,
4052847785028,
4052847785035,
4052847785042,
4052847785059,
4052847785066,
4052847785073,
4052847785080,
4052847785097,
4052847785103,
4052847785110,
4052847785127,
4052847785134,
4052847786926,
4052847786933,
4052847786940,
4052847786957,
4052847786964,
4052847786971,
4052847786988,
4052847786995,
4052847787008,
4052847787015,
4052847787022,
4052847787039,
4052847787046,
4052847787053,
4052847787060,
4052847787077,
4052847787084,
4052847787091,
4052847787107,
4052847787114,
4052847787121,
4052847787138,
4052847787145,
4052847787152,
4052847787169,
4052847787176,
4052847787183,
4052847787190,
4052847787206,
4052847787213,
4052847787220,
4052847787237,
4052847787244,
4052847787251,
4052847787268,
4052847787275,
4052847787282,
4052847787299,
4052847787305,
4052847787312,
4052847788913,
4052847788920,
4052847788937,
4052847788944,
4052847788951,
4052847788968,
4052847788975,
4052847788982,
4052847788999,
4052847789002,
4052847789019,
4052847789026,
4052847789033,
4052847789040,
4052847789057,
4052847789064,
4052847789071,
4052847789088,
4052847789095,
4052847789101,
4052847789316,
4052847789323,
4052847789330,
4052847789347,
4052847789354,
4052847789361,
4052847789378,
4052847789385,
4052847789392,
4052847789408,
4052847789415,
4052847789422,
4052847789439,
4052847789446,
4052847789453,
4052847789460,
4052847789477,
4052847789484,
4052847789491,
4052847803197,
4052847803234,
4052847803319,
4052847803432,
4052847803692,
4052847804415,
4052847804422,
4052847811604,
4052847811611,
4052847811864,
4052847811871,
4052847812137,
4052847812144,
4052847814421,
4052847814438,
4052847814445,
4052847814452,
4052847814506,
4052847814513,
4052847814520,
4052847814537,
4052847816920,
4052847829487,
4052847829494,
4052847829500,
4052847829517,
4052847829524,
4052847829531,
4052847829562,
4052847829579,
4052847830049,
4052847830056,
4052847830063,
4052847830070,
4052847830087,
4052847830094,
4052847830100,
4052847830117,
4052847830346,
4052847830353,
4052847830360,
4052847830377,
4052847830384,
4052847830391,
4052847834627,
4052847834634,
4052847834641,
4052847834658,
4052847834665,
4052847834672,
4052847834689,
4052847834696,
4052847834702,
4052847834719,
4052847834726,
4052847834733,
4052847834740,
4052847834757,
4052847834764,
4052847834771,
4052847834788,
4052847834795,
4052847834801,
4052847834818,
4052847834825,
4052847834832,
4052847838359,
4052847838366,
4052847838373,
4052847838380,
4052847838397,
4052847838403,
4052847838410,
4052847838427,
4052847838434,
4052847838441,
4052847838670,
4052847838687,
4052847839325,
4052847839332,
4052847839349,
4052847839356,
4052847839363,
4052847839370,
4052847839387,
4052847839394,
4052847839400,
4052847839417,
4052847839769,
4052847848211,
4052847848228,
4052847848235,
4052847848242,
4052847848259,
4052847848266,
4052847848273,
4052847848280,
4052847848297,
4052847848303,
4052847848310,
4052847848327,
4052847848334,
4052847848341,
4052847848358,
4052847848365,
4052847848372,
4052847848389,
4052847848396,
4052847848402,
4052847848419,
4052847848426,
4052847848433,
4052847848440,
4052847848457,
4052847848464,
4052847848471,
4052847848488,
4052847848495,
4052847848501,
4052847848518,
4052847848525,
4052847848532,
4052847848549,
4052847848556,
4052847848563,
4052847848570,
4052847848587,
4052847848594,
4052847848600,
4052847848617,
4052847848624,
4052847848631,
4052847849515,
4052847849522,
4052847849539,
4052847849546,
4052847849553,
4052847849560,
4052847849577,
4052847849584,
4052847849591,
4052847849607,
4052847849614,
4052847849621,
4052847849638,
4052847849645,
4052847849652,
4052847849669,
4052847849676,
4052847849683,
4052847849690,
4052847849706,
4052847849713,
4052847850160,
4052847850177,
4052847850184,
4052847850191,
4052847850207,
4052847850214,
4052847850221,
4052847850238,
4052847850245,
4052847850252,
4052847850269,
4052847850276,
4052847850283,
4052847850290,
4052847850306,
4052847850313,
4052847850320,
4052847850337,
4052847850344,
4052847850351,
4052847850368,
4052847850375,
4052847850818,
4052847850825,
4052847850832,
4052847850849,
4052847850856,
4052847850863,
4052847850870,
4052847850887,
4052847850894,
4052847850900,
4052847850917,
4052847850924,
4052847850931,
4052847850948,
4052847850955,
4052847850962,
4052847850979,
4052847850986,
4052847850993,
4052847851006,
4052847851013,
4052847851020,
4052847851716,
4052847851723,
4052847852225,
4052847852232,
4052847852249,
4052847852256,
4052847852263,
4052847852270,
4052847852287,
4052847852294,
4052847852300,
4052847852317,
4052847852324,
4052847852331,
4052847852348,
4052847852355,
4052847852362,
4052847852379,
4052847852386,
4052847852393,
4052847852409,
4052847852416,
4052847852423,
4052847852430,
4052847852447,
4052847852454,
4052847852461,
4052847852478,
4052847852485,
4052847852492,
4052847852508,
4052847852515,
4052847852522,
4052847852539,
4052847852546,
4052847852553,
4052847856278,
4052847856391,
4052847856407,
4052847856414,
4052847856421,
4052847856438,
4052847856445,
4052847856452,
4052847856469,
4052847856476,
4052847856483,
4052847864716,
4052847864723,
4052847864730,
4052847864747,
4052847864754,
4052847864761,
4052847864778,
4052847864785,
4052847864792,
4052847864808,
4052847864815,
4052847864822,
4052847864839,
4052847864846,
4052847864853,
4052847864860,
4052847864877,
4052847864884,
4052847864891,
4052847864907,
4052847864914,
4052847864921,
4052847865614,
4052847865621,
4052847865638,
4052847865645,
4052847866093,
4052847866109,
4052847866116,
4052847866123,
4052847866130,
4052847866147,
4052847866154,
4052847866161,
4052847866178,
4052847866185,
4052847866192,
4052847866208,
4052847866215,
4052847866222,
4052847866239,
4052847866246,
4052847866253,
4052847866260,
4052847866277,
4052847866284,
4052847866291,
4052847869391,
4052847869407,
4052847869414,
4052847869421,
4052847869438,
4052847869445,
4052847869452,
4052847869469,
4052847869476,
4052847869483,
4052847869490,
4052847869728,
4052847869735,
4052847869742,
4052847869759,
4052847869766,
4052847869773,
4052847869780,
4052847869797,
4052847869803,
4052847869810,
4052847872643,
4052847872650,
4052847872667,
4052847872674,
4052847872681,
4052847872698,
4052847872704,
4052847872711,
4052847873176,
4052847873183,
4052847873190,
4052847873206,
4052847873213,
4052847873220,
4052847873237,
4052847873244,
4052847873251,
4052847873268,
4052847873275,
4052847873282,
4052847873299,
4052847873305,
4052847873312,
4052847873329,
4052847873336,
4052847873343,
4052847873350,
4052847873367,
4052847873374,
4052847873381,
4052847873398,
4052847873404,
4052847873411,
4052847873428,
4052847873435,
4052847873442,
4052847873459,
4052847873466,
4052847873473,
4052847881959,
4052847882000,
4052847882031,
4052847882772,
4052847885872,
4052847886022,
4052847886039,
4052847886091,
4052847886206,
4052847886213,
4052847886305,
4052847886312,
4052847886336,
4052847886459,
4052847891057,
4052847891064,
4052847891071,
4052847891088,
4052847891095,
4052847891101,
4052847891118,
4052847891125,
4052847891132,
4052847891149,
4052847891156,
4052847891163,
4052847891170,
4052847891187,
4052847891194,
4052847891200,
4052847891217,
4052847891224,
4052847891231,
4052847891248,
4052847891255,
4052847896304,
4052847896311,
4052847896328,
4052847896335,
4052847896342,
4052847896359,
4052847896366,
4052847896373,
4052847896380,
4052847896397,
4052847896403,
4052847896410,
4052847896427,
4052847896434,
4052847896441,
4052847896458,
4052847896465,
4052847896472,
4052847896489,
4052847896496,
4052847896502,
4052847896519,
4052847896526,
4052847896533,
4052847896540,
4052847896557,
4052847896564,
4052847896571,
4052847896588,
4052847896595,
4052847896601,
4052847896618,
4052847896625,
4052847896632,
4052847896649,
4052847896656,
4052847896663,
4052847896670,
4052847896687,
4052847896694,
4052847896700,
4052847896717,
4052847896724,
4052847896731,
4052847896748,
4052847896755,
4052847896762,
4052847896779,
4052847896786,
4052847896793,
4052847896809,
4052847896816,
4052847896823,
4052847896830,
4052847896847,
4052847896854,
4052847896861,
4052847896878,
4052847896885,
4052847896892,
4052847896908,
4052847896915,
4052847896922,
4052847896939,
4052847896946,
4052847897899,
4052847897905,
4052847897912,
4052847897929,
4052847897936,
4052847897943,
4052847897950,
4052847897967,
4052847897974,
4052847897981,
4052847897998,
4052847898001,
4052847898018,
4052847898025,
4052847898032,
4052847898049,
4052847898056,
4052847898063,
4052847898070,
4052847898087,
4052847898094,
4052847898100,
4052847898117,
4052847898124,
4052847898131,
4052847898148,
4052847898155,
4052847898162,
4052847898438,
4052847898445,
4052847898452,
4052847898469,
4052847898476,
4052847898483,
4052847898490,
4052847898506,
4052847898513,
4052847898520,
4052847898537,
4052847898544,
4052847898551,
4052847898568,
4052847898575,
4052847898582,
4052847898599,
4052847898605,
4052847898612,
4052847898629,
4052847898636,
4052847898643,
4052847898650,
4052847898667,
4052847898674,
4052847898681,
4052847898698,
4052847898704,
4052847898711,
4052847898728,
4052847898735,
4052847898742,
4052847898759,
4052847898766,
4052847898773,
4052847898780,
4052847898797,
4052847898803,
4052847898810,
4052847898827,
4052847898834,
4052847898841,
4052847898858,
4052847899954,
4052847899961,
4052847899978,
4052847899985,
4052847899992,
4052847900001,
4052847900018,
4052847900025,
4052847900032,
4052847900049,
4052847900056,
4052847900063,
4052847900070,
4052847900087,
4052847900094,
4052847900100,
4052847900117,
4052847900124,
4052847900131,
4052847900148,
4052847900155,
4052847900162,
4052847900179,
4052847900186,
4052847900193,
4052847900209,
4052847900216,
4052847900223,
4052847900230,
4052847900247,
4052847900254,
4052847900261,
4052847900278,
4052847900285,
4052847900292,
4052847900308,
4052847900315,
4052847900322,
4052847900339,
4052847900346,
4052847900353,
4052847900360,
4052847900377,
4052847900629,
4052847900636,
4052847900643,
4052847900650,
4052847900667,
4052847900674,
4052847900681,
4052847900698,
4052847900728,
4052847900735,
4052847908199,
4052847908205,
4052847908212,
4052847908229,
4052847908236,
4052847908243,
4052847908250,
4052847908267,
4052847908274,
4052847908281,
4052847908298,
4052847908304,
4052847908311,
4052847908328,
4052847908335,
4052847908342,
4052847908359,
4052847908366,
4052847908373,
4052847908380,
4052847908397,
4052847908403,
4052847910161,
4052847910178,
4052847910185,
4052847910192,
4052847910208,
4052847910215,
4052847910222,
4052847910239,
4052847910246,
4052847910253,
4052847910260,
4052847910277,
4052847910284,
4052847910291,
4052847910307,
4052847910314,
4052847910321,
4052847910338,
4052847910345,
4052847910352,
4052847910369,
4052847910376,
4052847910444,
4052847910451,
4052847912332,
4052847912349,
4052847912356,
4052847912363,
4052847912370,
4052847912387,
4052847912394,
4052847912400,
4052847912417,
4052847912424,
4052847912431,
4052847912448,
4052847912455,
4052847912462,
4052847912479,
4052847912486,
4052847912493,
4052847912509,
4052847912516,
4052847912523,
4052847912530,
4052847912547,
4052847912578,
4052847912585,
4052847912615,
4052847912622,
4052847913506,
4052847913513,
4052847914237,
4052847914244,
4052847914695,
4052847914701,
4052847914718,
4052847914725,
4052847914732,
4052847914749,
4052847914756,
4052847914763,
4052847914770,
4052847914787,
4052847914794,
4052847914800,
4052847914817,
4052847914824,
4052847914831,
4052847914848,
4052847914855,
4052847914862,
4052847914879,
4052847914886,
4052847914893,
4052847914909,
4052847915791,
4052847915807,
4052847915814,
4052847915821,
4052847915838,
4052847915845,
4052847915852,
4052847915869,
4052847915876,
4052847915883,
4052847915890,
4052847915906,
4052847915913,
4052847915920,
4052847915937,
4052847915944,
4052847915951,
4052847915968,
4052847915975,
4052847915982,
4052847915999,
4052847916439,
4052847916446,
4052847916453,
4052847916460,
4052847916477,
4052847916484,
4052847916491,
4052847916507,
4052847916514,
4052847916521,
4052847916538,
4052847916545,
4052847916552,
4052847916569,
4052847916576,
4052847916583,
4052847916590,
4052847916606,
4052847916613,
4052847916620,
4052847916637,
4052847916644,
4052847916651,
4052847922546,
4052847922553,
4052847922560,
4052847922577,
4052847922584,
4052847922591,
4052847922607,
4052847922614,
4052847922621,
4052847922638,
4052847922645,
4052847922652,
4052847922669,
4052847922676,
4052847922683,
4052847922690,
4052847922706,
4052847922713,
4052847922720,
4052847922737,
4052847922744,
4052847924755,
4052847924762,
4052847924779,
4052847924786,
4052847924793,
4052847924809,
4052847924816,
4052847924823,
4052847924830,
4052847924847,
4052847924854,
4052847924861,
4052847924878,
4052847924885,
4052847924892,
4052847924908,
4052847924915,
4052847924922,
4052847924939,
4052847924946,
4052847924953,
4052847929774,
4052847929781,
4052847929798,
4052847929804,
4052847929811,
4052847929828,
4052847929835,
4052847929842,
4052847929859,
4052847929866,
4052847929873,
4052847929880,
4052847929897,
4052847929903,
4052847929910,
4052847929927,
4052847929934,
4052847929941,
4052847929958,
4052847929965,
4052847929972,
4052847929989,
4052847929996,
4052847930008,
4052847930015,
4052847930022,
4052847930251,
4052847930268,
4052847930732,
4052847930749,
4052847930756,
4052847930763,
4052847930770,
4052847930787,
4052847930794,
4052847930800,
4052847930817,
4052847930824,
4052847930831,
4052847930848,
4052847930855,
4052847930862,
4052847930879,
4052847930886,
4052847930893,
4052847930909,
4052847930916,
4052847930923,
4052847930930,
4052847930947,
4052847936826,
4052847936833,
4052847936840,
4052847936857,
4052847936864,
4052847936871,
4052847936888,
4052847936895,
4052847936901,
4052847936918,
4052847936925,
4052847936932,
4052847936949,
4052847936956,
4052847936963,
4052847936970,
4052847936987,
4052847936994,
4052847937007,
4052847937014,
4052847937021,
4052847938585,
4052847938592,
4052847938608,
4052847938615,
4052847938622,
4052847938639,
4052847938646,
4052847938653,
4052847938660,
4052847938677,
4052847938684,
4052847938691,
4052847938707,
4052847938714,
4052847938721,
4052847938738,
4052847938745,
4052847938752,
4052847938769,
4052847938776,
4052847938783,
4052847938790,
4052847938806,
4052847938813,
4052847939087,
4052847939094,
4052847939322,
4052847939339,
4052847939346,
4052847939353,
4052847939360,
4052847939377,
4052847939384,
4052847939391,
4052847939407,
4052847939414,
4052847939421,
4052847939438,
4052847939445,
4052847939452,
4052847939469,
4052847939476,
4052847939483,
4052847939490,
4052847939506,
4052847939513,
4052847939520,
4052847939537,
4052847939544,
4052847939551,
4052847939568,
4052847939575,
4052847939582,
4052847939599,
4052847939605,
4052847939612,
4052847939629,
4052847939636,
4052847939643,
4052847939650,
4052847939667,
4052847939674,
4052847939681,
4052847939698,
4052847939704,
4052847939711,
4052847939728,
4052847939735,
4052847939742,
4052847941493,
4052847941509,
4052847941516,
4052847941523,
4052847941530,
4052847941547,
4052847941554,
4052847941561,
4052847941578,
4052847941585,
4052847941592,
4052847941608,
4052847941615,
4052847941622,
4052847941639,
4052847941646,
4052847941653,
4052847941660,
4052847941677,
4052847941684,
4052847941691,
4052847941707,
4052847942377,
4052847942384,
4052847942391,
4052847942407,
4052847942414,
4052847942421,
4052847942438,
4052847942445,
4052847942452,
4052847942469,
4052847942476,
4052847942483,
4052847942490,
4052847942506,
4052847942513,
4052847942520,
4052847942537,
4052847942544,
4052847942551,
4052847942568,
4052847942575,
4052847942803,
4052847942810,
4052847942827,
4052847942834,
4052847942841,
4052847942858,
4052847942865,
4052847942872,
4052847942889,
4052847942896,
4052847942902,
4052847942919,
4052847942926,
4052847942933,
4052847942940,
4052847942957,
4052847942964,
4052847942971,
4052847942988,
4052847942995,
4052847943008,
4052847943015,
4052847949154,
4052847949161,
4052847949253,
4052847949260,
4052847949727,
4052847949734,
4052847949741,
4052847949758,
4052847949765,
4052847949772,
4052847949789,
4052847950082,
4052847950099,
4052847950105,
4052847950112,
4052847950129,
4052847950136,
4052847950143,
4052847950310,
4052847950327,
4052847950334,
4052847950341,
4052847950358,
4052847950365,
4052847950372,
4052847950389,
4052847950396,
4052847950402,
4052847950419,
4052847950426,
4052847950433,
4052847950440,
4052847950457,
4052847950464,
4052847950778,
4052847950785,
4052847950792,
4052847950808,
4052847950815,
4052847950822,
4052847950839,
4052847950846,
4052847951003,
4052847951010,
4052847951027,
4052847951034,
4052847951041,
4052847951058,
4052847951065,
4052847951072,
4052847951249,
4052847951256,
4052847951263,
4052847951270,
4052847951287,
4052847951294,
4052847951300,
4052847951317,
4052847952468,
4052847952475,
4052847952482,
4052847952499,
4052847952505,
4052847952512,
4052847952529,
4052847956565,
4052847960609,
4052847960616,
4052847960623,
4052847960630,
4052847960647,
4052847960654,
4052847960661,
4052847960678,
4052847961231,
4052847961309,
4052847961446,
4052847961453,
4052847961491,
4052847961545,
4052847961552,
4052847961576,
4052847961637,
4052847961675,
4052847961712,
4052847961729,
4052847963020,
4052847963037,
4052847963044,
4052847963051,
4052847963068,
4052847963075,
4052847963082,
4052847963099,
4052847963105,
4052847963112,
4052847963129,
4052847963136,
4052847963143,
4052847963150,
4052847963167,
4052847963174,
4052847963181,
4052847963198,
4052847963204,
4052847963211,
4052847963228,
4052847963235,
4052847963242,
4052847963259,
4052847963266,
4052847963273,
4052847963280,
4052847963297,
4052847963303,
4052847963310,
4052847963327,
4052847963334,
4052847963341,
4052847963358,
4052847963365,
4052847963372,
4052847963389,
4052847963396,
4052847963402,
4052847963419,
4052847963877,
4052847963884,
4052847963891,
4052847963907,
4052847963914,
4052847963921,
4052847963938,
4052847966144,
4052847966151,
4052847966168,
4052847966175,
4052847966182,
4052847966199,
4052847966205,
4052847966212,
4052847966229,
4052847966236,
4052847966243,
4052847966250,
4052847966267,
4052847966274,
4052847966281,
4052847966298,
4052847966304,
4052847966311,
4052847966328,
4052847966335,
4052847966342,
4052847966359,
4052847966809,
4052847966816,
4052847966823,
4052847966830,
4052847966847,
4052847966854,
4052847966861,
4052847966878,
4052847966885,
4052847966892,
4052847966908,
4052847966915,
4052847966922,
4052847966939,
4052847966946,
4052847966953,
4052847966960,
4052847966977,
4052847966984,
4052847966991,
4052847967004,
4052847967011,
4052847968971,
4052847968988,
4052847968995,
4052847969008,
4052847969015,
4052847969022,
4052847969039,
4052847969046,
4052847969053,
4052847969060,
4052847969077,
4052847969084,
4052847969091,
4052847969107,
4052847969114,
4052847969121,
4052847969138,
4052847969145,
4052847969152,
4052847969169,
4052847969176,
4052847969183,
4052847972701,
4052847972718,
4052847972725,
4052847972732,
4052847972749,
4052847972756,
4052847972763,
4052847972770,
4052847972787,
4052847972794,
4052847972800,
4052847972817,
4052847972824,
4052847972831,
4052847972848,
4052847972855,
4052847972862,
4052847972879,
4052847972886,
4052847972893,
4052847972909,
4052847972916,
4052847972923,
4052847972930,
4052847972947,
4052847972954,
4052847972961,
4052847972978,
4052847972985,
4052847972992,
4052847973005,
4052847973012,
4052847973029,
4052847973036,
4052847973043,
4052847973050,
4052847973067,
4052847973074,
4052847973081,
4052847973098,
4052847973104,
4052847973111,
4052847973128,
4052847973135,
4052847974019,
4052847974026,
4052847974033,
4052847974040,
4052847974057,
4052847974064,
4052847974071,
4052847974088,
4052847974095,
4052847974101,
4052847974118,
4052847974125,
4052847974132,
4052847974149,
4052847974156,
4052847974163,
4052847974170,
4052847974187,
4052847974194,
4052847974200,
4052847974217,
4052847974224,
4052847974453,
4052847974460,
4052847974477,
4052847974484,
4052847974491,
4052847974507,
4052847974514,
4052847974521,
4052847974538,
4052847974545,
4052847974552,
4052847974569,
4052847974576,
4052847974583,
4052847974590,
4052847974606,
4052847974613,
4052847974620,
4052847974637,
4052847974644,
4052847974651,
4052847976426,
4052847976433,
4052847976440,
4052847976457,
4052847976464,
4052847976471,
4052847976488,
4052847976495,
4052847976501,
4052847976518,
4052847976525,
4052847976532,
4052847976549,
4052847976556,
4052847976563,
4052847976570,
4052847976587,
4052847976594,
4052847976600,
4052847976617,
4052847976624,
4052847977515,
4052847977522,
4052847977539,
4052847977546,
4052847977553,
4052847977560,
4052847977577,
4052847977584,
4052847977591,
4052847977607,
4052847977614,
4052847977621,
4052847977638,
4052847977645,
4052847977652,
4052847977669,
4052847977676,
4052847977683,
4052847977690,
4052847977706,
4052847977713,
4052847977720,
4052847977737,
4052847977744,
4052847977751,
4052847977768,
4052847977775,
4052847977782,
4052847977799,
4052847977805,
4052847977812,
4052847977829,
4052847977836,
4052847977843,
4052847977850,
4052847977867,
4052847977874,
4052847977881,
4052847977898,
4052847977904,
4052847977911,
4052847977928,
4052847977935,
4052847977942,
4052847978390,
4052847978406,
4052847978413,
4052847978420,
4052847978437,
4052847978444,
4052847978451,
4052847978468,
4052847978475,
4052847978482,
4052847978499,
4052847978505,
4052847978512,
4052847978529,
4052847978536,
4052847978543,
4052847978550,
4052847978567,
4052847978574,
4052847978581,
4052847978598,
4052847978604,
4052847993904,
4052847993911,
4052847993928,
4052847993935,
4052847993942,
4052847993959,
4052847993966,
4052847993973,
4052847993980,
4052847993997,
4052847994000,
4052847994017,
4052847994024,
4052847994031,
4052847994048,
4052847994055,
4052847994062,
4052847994079,
4052847994086,
4052847994093,
4052847994109,
4052847994116,
4052847995434,
4052847995441,
4052847995458,
4052847995465,
4052847995472,
4052847995489,
4052847995496,
4052847995502,
4052847995519,
4052847995526,
4052847995533,
4052847995540,
4052847995670,
4052847995687,
4052847995694,
4052847995700,
4052847995717,
4052847995724,
4052847995731,
4052847995748,
4052847995755,
4052847995762,
4052847995779,
4056244113071,
4056244148448,
4056244148455,
4056244148462,
4056244148479,
4056244148486,
4056244148493,
4056244148509,
4056244148516,
4056244148523,
4056244148530,
4056244148547,
4056244148554,
4056244148561,
4056244148578,
4056244148585,
4056244148592,
4056244148608,
4056244148615,
4056244157495,
4056244157501,
4056244157518,
4056244157525,
4056244157532,
4056244157549,
4056244157556,
4056244157563,
4056244157570,
4056244157587,
4056244157594,
4056244157600,
4056244157617,
4056244157624,
4056244157631,
4056244157648,
4056244157655,
4056244235766,
4056244235773,
4056244235780,
4056244235797,
4056244235803,
4056244235810,
4056244235827,
4056244235834,
4056244235841,
4056244235858,
4056244235865,
4056244235872,
4056244235889,
4056244235896,
4056244235902,
4056244235919,
4056244378265,
4056244379132,
4056244403516,
4056244403523,
4056244403530,
4056244403547,
4056244403554,
4056244403561,
4056244403578,
4056244403585,
4056244403592,
4056244403608,
4056244403615,
4056244403622,
4056244403639,
4056244403646,
4056244403653,
4056244403660,
4056244403677,
4056244403684,
4056244403875,
4056244403882,
4056244403899,
4056244403905,
4056244403912,
4056244403929,
4056244403936,
4056244403943,
4056244403950,
4056244403967,
4056244403974,
4056244403981,
4056244403998,
4056244404001,
4056244404018,
4056244404025,
4056244404032,
4056244430338,
4056244430345,
4056244430352,
4056244430369,
4056244430376,
4056244430383,
4056244430390,
4056244430406,
4056244430413,
4056244430420,
4056244430437,
4056244430444,
4056244430451,
4056244430468,
4056244430475,
4056244430482,
4056244430499,
4056244430505,
4056244431540,
4056244431557,
4056244431564,
4056244431571,
4056244431588,
4056244431595,
4056244431601,
4056244431618,
4056244431625,
4056244431632,
4056244431649,
4056244431656,
4056244431663,
4056244470976,
4056244474363,
4056244477647,
4056244477654,
4056244477661,
4056244477678,
4056244477685,
4056244477692,
4056244477708,
4056244477715,
4056244477722,
4056244477739,
4056244477746,
4056244477753,
4056244477760,
4056244477777,
4056244477784,
4056244477791,
4056244477807,
4056244477814,
4056244477821,
4056244477838,
4056244477845,
4056244477852,
4056244477869,
4056244477876,
4056244481750,
4056244481767,
4056244481774,
4056244481781,
4056244481798,
4056244481804,
4056244481811,
4056244481828,
4056244481835,
4056244481842,
4056244481859,
4056244481866,
4056244481873,
4056244481880,
4056244481897,
4056244481903,
4056244494606,
4056244494613,
4056244494620,
4056244494637,
4056244494644,
4056244494651,
4056244494668,
4056244494675,
4056244494682,
4056244494699,
4056244494705,
4056244494712,
4056244494729,
4056244494736,
4056244494743,
4056244494750,
4056244494767,
4056244494774,
4056244494781,
4056244494798,
4056244494804,
4056244494811,
4056244494828,
4056244494835,
4056244494842,
4056244494859,
4056244494866,
4056244494873,
4056244494880,
4056244494897,
4056244494903,
4056244494910,
4056244494927,
4056244494934,
4056244494941,
4056244495450,
4056244495467,
4056244495474,
4056244495481,
4056244495498,
4056244495504,
4056244495511,
4056244495528,
4056244495535,
4056244495542,
4056244495559,
4056244495566,
4056244495573,
4056244495580,
4056244495597,
4056244495603,
4056244495610,
4056244495627,
4056244495634,
4056244495641,
4056244495658,
4056244495665,
4056244495672,
4056244533350,
4056244533367,
4056244533374,
4056244533381,
4056244533398,
4056244533404,
4056244533411,
4056244533428,
4056244533435,
4056244533442,
4056244533459,
4056244533466,
4056244533473,
4056244533480,
4056244533497,
4056244533503,
4056244533510,
4056244533527,
4056244542345,
4056244542352,
4056244542369,
4056244542376,
4056244542383,
4056244542390,
4056244542406,
4056244542413,
4056244542420,
4056244542437,
4056244542444,
4056244542451,
4056244542468,
4056244542475,
4056244542482,
4056244542499,
4056244542505,
4056244542512,
4056244612727,
4056244616466,
4056244622566,
4056244622573,
4056244622580,
4056244622597,
4056244622603,
4056244622610,
4056244622627,
4056244622634,
4056244622641,
4056244622658,
4056244622665,
4056244622672,
4056244622689,
4056244622696,
4056244622702,
4056244622719,
4056244622726,
4056244622733,
4056244624751,
4056244624768,
4056244624775,
4056244624782,
4056244625499,
4056244625505,
4056244625512,
4056244625529,
4056244625536,
4056244625543,
4056244625550,
4056244625567,
4056244625574,
4056244625581,
4056244625598,
4056244625604,
4056244625611,
4056244625628,
4056244625635,
4056244625642,
4056244625659,
4056244625666,
4056244625673,
4056244625680,
4056244625697,
4056244625703,
4056244625710,
4056244625727,
4056244625734,
4056244625741,
4056244625758,
4056244625765,
4056244625772,
4056244625789,
4056244625796,
4056244625802,
4056244625819,
4056244625826,
4056244625833,
4056244625840,
4056244625857,
4056244625864,
4056244625871,
4056244625888,
4056244625895,
4056244625901,
4056244625918,
4056244625925,
4056244625932,
4056244625949,
4056244625956,
4056244627721,
4056244627738,
4056244627745,
4056244627752,
4056244627769,
4056244627776,
4056244627783,
4056244628445,
4056244628452,
4056244628469,
4056244628476,
4056244628483,
4056244628490,
4056244628506,
4056244628513,
4056244628520,
4056244628537,
4056244628544,
4056244628551,
4056244628568,
4056244628575,
4056244628582,
4056244628599,
4056244628773,
4056244628780,
4056244628797,
4056244628803,
4056244628810,
4056244628827,
4056244628834,
4056244628841,
4056244628858,
4056244628865,
4056244628872,
4056244628889,
4056244628896,
4056244628902,
4056244628919,
4056244628926,
4056244628933,
4056244628940,
4056244680498,
4056244684656,
4056244684663,
4056244684670,
4056244684687,
4056244684694,
4056244684700,
4056244684717,
4056244684724,
4056244684731,
4056244684748,
4056244684755,
4056244684762,
4056244684779,
4056244684786,
4056244684793,
4056244684809,
4056244684816,
4056244686414,
4056244686469,
4056244687138,
4056244688500,
4056244689590,
4056244689620,
4056244691722,
4056244691739,
4056244691746,
4056244691753,
4056244691760,
4056244691777,
4056244691784,
4056244691791,
4056244704156,
4056244704163,
4056244704170,
4056244704187,
4056244704194,
4056244704200,
4056244704217,
4056244704309,
4056244704316,
4056244704323,
4056244704330,
4056244704347,
4056244704354,
4056244704361,
4056244704378,
4056244704385,
4056244704392,
4056244704408,
4056244704415,
4056244704422,
4056244704439,
4056244704446,
4056244704453,
4056244711314,
4056244711321,
4056244711338,
4056244711345,
4056244711352,
4056244711369,
4056244711376,
4056244711383,
4056244711390,
4056244711406,
4056244711413,
4056244711420,
4056244711437,
4056244711444,
4056244711451,
4056244711468,
4056244711635,
4056244711642,
4056244711659,
4056244711666,
4056244711673,
4056244711680,
4056244711697,
4056244711703,
4056244711710,
4056244711727,
4056244711734,
4056244711741,
4056244711758,
4056244711765,
4056244711772,
4056244713424,
4056244713431,
4056244713448,
4056244713455,
4056244713462,
4056244713479,
4056244713486,
4056244713493,
4056244713509,
4056244713516,
4056244713523,
4056244713530,
4056244713547,
4056244713554,
4056244713561,
4056244713578,
4056244713585,
4056244713592,
4056244713608,
4056244713615,
4056244713622,
4056244713639,
4056244713646,
4056244713653,
4056244713660,
4056244713677,
4056244713684,
4056244713691,
4056244713707,
4056244713714,
4056244713721,
4056244713738,
4056244713745,
4056244721191,
4056244721207,
4056244721214,
4056244721221,
4056244721238,
4056244721245,
4056244721252,
4056244721269,
4056244721276,
4056244721283,
4056244721290,
4056244721306,
4056244721313,
4056244721320,
4056244721337,
4056244721344,
4056244721351,
4056244721368,
4056244721375,
4056244721382,
4056244721399,
4056244721405,
4056244721412,
4056244721429,
4056244721436,
4056244721443,
4056244721450,
4056244721467,
4056244721474,
4056244721481,
4056244721498,
4056244724963,
4056244724970,
4056244724987,
4056244724994,
4056244725007,
4056244725014,
4056244725021,
4056244725038,
4056244725045,
4056244725052,
4056244725069,
4056244725076,
4056244725083,
4056244725090,
4056244725106,
4056244725113,
4056244725120,
4056244725137,
4056244725144,
4056244725151,
4056244725168,
4056244725175,
4056244725182,
4056244725199,
4056244725205,
4056244725212,
4056244725229,
4056244725236,
4056244725243,
4056244725250,
4056244725267,
4056244725274,
4056244725281,
4056244725298,
4056244725304,
4056244725311,
4056244725687,
4056244725694,
4056244725700,
4056244725717,
4056244725724,
4056244725731,
4056244725748,
4056244725755,
4056244725762,
4056244725779,
4056244725786,
4056244725793,
4056244725809,
4056244725816,
4056244725823,
4056244725830,
4056244725847,
4056244725854,
4056244741090,
4056244741106,
4056244741113,
4056244741120,
4056244741137,
4056244741144,
4056244741151,
4056244741168,
4056244741175,
4056244741182,
4056244741199,
4056244741205,
4056244741212,
4056244741229,
4056244741236,
4056244741403,
4056244741410,
4056244741427,
4056244741434,
4056244741441,
4056244741458,
4056244741465,
4056244741472,
4056244741489,
4056244741496,
4056244741502,
4056244741519,
4056244741526,
4056244741533,
4056244741540,
4056244741557,
4056244744633,
4056244744640,
4056244744657,
4056244744664,
4056244744671,
4056244744688,
4056244750207,
4056244750214,
4056244750221,
4056244750238,
4056244750245,
4056244750252,
4056244750269,
4056244750276,
4056244750368,
4056244750375,
4056244750382,
4056244750399,
4056244750405,
4056244750412,
4056244750429,
4056244750436,
4056244751532,
4056244751549,
4056244751556,
4056244754649,
4056244754656,
4056244754663,
4056244754670,
4056244754687,
4056244754694,
4056244754700,
4056244754717,
4056244754724,
4056244754731,
4056244754748,
4056244754755,
4056244754762,
4056244754779,
4056244758838,
4056244767045,
4056244767052,
4056244767069,
4056244767076,
4056244767083,
4056244767090,
4056244769414,
4056244771943,
4056244775361,
4056244775378,
4056244775385,
4056244775392,
4056244775408,
4056244775415,
4056244775422,
4056244775439,
4056244775446,
4056244775453,
4056244775460,
4056244775477,
4056244775484,
4056244775491,
4056244775507,
4056244775514,
4056244775521,
4056244775538,
4056244785667,
4056244785674,
4056244785681,
4056244785698,
4056244785704,
4056244785711,
4056244785728,
4056244785735,
4056244785742,
4056244785759,
4056244785766,
4056244785773,
4056244785780,
4056244785797,
4056244785803,
4056244785810,
4056244785827,
4056244785834,
4056244785841,
4056244785858,
4056244785865,
4056244785872,
4056244785889,
4056244785896,
4056244785902,
4056244785919,
4056244785926,
4056244785933,
4056244785940,
4056244785957,
4056244785964,
4056244786121,
4056244786138,
4056244786145,
4056244786152,
4056244786169,
4056244786176,
4056244786183,
4056244786190,
4056244786206,
4056244786213,
4056244786220,
4056244786237,
4056244786244,
4056244786251,
4056244786268,
4056244791859,
4056244791866,
4056244791873,
4056244791880,
4056244791897,
4056244791903,
4056244791910,
4056244791927,
4056244794690,
4056244797004,
4056244797011,
4056244797028,
4056244797035,
4056244797042,
4056244797059,
4056244797066,
4056244797073,
4056244797080,
4056244797097,
4056244797103,
4056244797110,
4056244797127,
4056244797134,
4056244797141,
4056244797158,
4056244797165,
4056244797172,
4056244797363,
4056244797370,
4056244797387,
4056244797394,
4056244797400,
4056244797417,
4056244797424,
4056244797431,
4056244797448,
4056244797455,
4056244797462,
4056244797479,
4056244797486,
4056244797493,
4056244797509,
4056244797516,
4056244797523,
4056244797530,
4056244797547,
4056244797554,
4056244797561,
4056244797578,
4056244797585,
4056244797592,
4056244797608,
4056244797615,
4056244797622,
4056244797639,
4056244797646,
4056244797653,
4056244797660,
4056244797677,
4056244797684,
4056244797691,
4056244797707,
4056244797714,
4056244797721,
4056244797929,
4056244798506,
4056244800575,
4056244800582,
4056244800599,
4056244800605,
4056244800612,
4056244800629,
4056244800636,
4056244800643,
4056244800650,
4056244800667,
4056244800674,
4056244800681,
4056244800698,
4056244800704,
4056244800711,
4056244800728,
4056244802036,
4056244802043,
4056244802050,
4056244802067,
4056244802074,
4056244802081,
4056244802098,
4056244802104,
4056244802111,
4056244802128,
4056244802135,
4056244802142,
4056244802159,
4056244802166,
4056244802173,
4056244802180,
4056244802197,
4056244802203,
4056244802210,
4056244805150,
4056244805167,
4056244805174,
4056244805181,
4056244805198,
4056244805204,
4056244805211,
4056244805228,
4056244805235,
4056244805242,
4056244805259,
4056244805266,
4056244805273,
4056244805280,
4056244805297,
4056244805303,
4056244805310,
4056244805327,
4056244805518,
4056244805525,
4056244805532,
4056244805549,
4056244805556,
4056244805563,
4056244805570,
4056244805587,
4056244805594,
4056244805600,
4056244805617,
4056244805624,
4056244805631,
4056244805648,
4056244805655,
4056244805662,
4056244805679,
4056244805686,
4056244814985,
4056244814992,
4056244815487,
4056244815494,
4056244829453,
4056244833566,
4056244833573,
4056244833580,
4056244833597,
4056244833603,
4056244833610,
4056244833627,
4056244833634,
4056244833641,
4056244833658,
4056244833665,
4056244833672,
4056244833689,
4056244833696,
4056244833702,
4056244833719,
4056244833726,
4056244833733,
4056244836086,
4056244836093,
4056244836109,
4056244836116,
4056244836123,
4056244836130,
4056244836147,
4056244836154,
4056244836161,
4056244836178,
4056244836185,
4056244836192,
4056244836208,
4056244836215,
4056244836222,
4056244836239,
4056244836925,
4056244837694,
4056244837823,
4056244839735,
4056244839742,
4056244839759,
4056244839766,
4056244839773,
4056244839780,
4056244839797,
4056244839803,
4056244839810,
4056244839827,
4056244839834,
4056244839841,
4056244839858,
4056244839865,
4056244840250,
4056244840267,
4056244840274,
4056244840281,
4056244840298,
4056244840304,
4056244840311,
4056244840328,
4056244840632,
4056244840649,
4056244840656,
4056244840663,
4056244840670,
4056244840687,
4056244840694,
4056244840700,
4056244840717,
4056244840724,
4056244840731,
4056244840748,
4056244840755,
4056244840762,
4056244840779,
4056244840786,
4056244840793,
4056244840809,
4056244840816,
4056244840823,
4056244840830,
4056244840847,
4056244840854,
4056244840861,
4056244841080,
4056244841097,
4056244841103,
4056244841110,
4056244841127,
4056244841134,
4056244841141,
4056244841158,
4056244841165,
4056244841172,
4056244841189,
4056244841196,
4056244841202,
4056244841219,
4056244841226,
4056244841233,
4056244841240,
4056244841257,
4056244841561,
4056244841578,
4056244841585,
4056244841592,
4056244841608,
4056244841615,
4056244841622,
4056244841639,
4056244841646,
4056244841653,
4056244841660,
4056244841677,
4056244841684,
4056244841691,
4056244841707,
4056244841714,
4056244841721,
4056244841738,
4056244841745,
4056244841752,
4056244841769,
4056244841776,
4056244841783,
4056244841790,
4056244841806,
4056244841813,
4056244841820,
4056244841837,
4056244841844,
4056244841851,
4056244841868,
4056244841875,
4056244841882,
4056244841899,
4056244842209,
4056244842216,
4056244842223,
4056244842230,
4056244842247,
4056244842254,
4056244842261,
4056244842278,
4056244842285,
4056244842292,
4056244842308,
4056244842315,
4056244842322,
4056244842339,
4056244842346,
4056244842353,
4056244842360,
4056244842377,
4056244847013,
4056244847020,
4056244847037,
4056244847044,
4056244847051,
4056244847068,
4056244847075,
4056244847082,
4056244847099,
4056244847105,
4056244847112,
4056244847129,
4056244847136,
4056244847143,
4056244847150,
4056244855414,
4056244855421,
4056244855438,
4056244855445,
4056244855452,
4056244855469,
4056244855476,
4056244855483,
4056244855490,
4056244855506,
4056244855513,
4056244855520,
4056244855537,
4056244855544,
4056244855551,
4056244855568,
4056244855575,
4056244855582,
4056244855599,
4056244855605,
4056244855612,
4056244855629,
4056244855636,
4056244855643,
4056244855650,
4056244855667,
4056244855674,
4056244855681,
4056244855698,
4056244855704,
4056244855711,
4056244855728,
4056244855735,
4056244855742,
4056244855759,
4056244864560,
4056244864577,
4056244864584,
4056244864591,
4056244864607,
4056244864614,
4056244864621,
4056244864638,
4056244864645,
4056244864652,
4056244864669,
4056244864676,
4056244864683,
4056244864690,
4056244864706,
4056244864713,
4056244864720,
4056244864737,
4056244864744,
4056244864751,
4056244864768,
4056244864775,
4056244864782,
4056244864799,
4056244864805,
4056244864812,
4056244864829,
4056244864836,
4056244864843,
4056244864850,
4056244864867,
4056244864874,
4056244864881,
4056244864898,
4056244864904,
4056244867394,
4056244867400,
4056244867417,
4056244867424,
4056244872190,
4056244872206,
4056244872213,
4056244872220,
4056244872237,
4056244872244,
4056244872251,
4056244872268,
4056244872275,
4056244874699,
4056244874705,
4056244874712,
4056244874729,
4056244874736,
4056244874743,
4056244874750,
4056244874767,
4056244883042,
4056244883059,
4056244883066,
4056244883073,
4056244883080,
4056244883097,
4056244883103,
4056244883110,
4056244883127,
4056244883134,
4056244883141,
4056244883158,
4056244883165,
4056244883172,
4056244883189,
4056244883196,
4056244883288,
4056244883295,
4056244883301,
4056244883318,
4056244883325,
4056244883332,
4056244883349,
4056244883356,
4056244893270,
4056244893287,
4056244893294,
4056244893300,
4056244893317,
4056244893324,
4056244893331,
4056244898831,
4056244898848,
4056244898855,
4056244898862,
4056244898879,
4056244898886,
4056244898893,
4056244898909,
4056244898916,
4056244898923,
4056244898930,
4056244898947,
4056244898954,
4056244898961,
4056244898978,
4056244898985,
4056244904631,
4056244904648,
4056244914470,
4056244914715,
4056244915453,
4056244916405,
4056244916733,
4056244916740,
4056244916818,
4056244916832,
4056244916979,
4056244916986,
4056244916993,
4056244917006,
4056244917013,
4056244917044,
4056244917129,
4056244917518,
4056244917617,
4056244917624,
4056244917631,
4056244917648,
4056244917655,
4056244917679,
4056244917686,
4056244917693,
4056244917709,
4056244917716,
4056244917723,
4056244917730,
4056244917822,
4056244918072,
4056244918133,
4056244918140,
4056244918324,
4056244918331,
4056244918348,
4056244918355,
4056244918362,
4056244918379,
4056244920181,
4056244920198,
4056244920204,
4056244920211,
4056244920228,
4056244920235,
4056244920242,
4056244920259,
4056244920266,
4056244920273,
4056244920280,
4056244920297,
4056244920303,
4056244920310,
4056244920327,
4056244920334,
4056244920341,
4056244920358,
4056244920365,
4056244920372,
4056244920389,
4056244920396,
4056244920402,
4056244920419,
4056244920426,
4056244920433,
4056244920440,
4056244920457,
4056244920464,
4056244920471,
4056244920488,
4056244921201,
4056244921218,
4056244921225,
4056244921232,
4056244921249,
4056244921256,
4056244921263,
4056244921270,
4056244921287,
4056244921294,
4056244921300,
4056244921317,
4056244921324,
4056244921331,
4056244921348,
4056244921355,
4056244921362,
4056244921379,
4056244921386,
4056244921393,
4056244921409,
4056244921416,
4056244921423,
4056244922857,
4056244922864,
4056244922871,
4056244922888,
4056244922895,
4056244922901,
4056244922918,
4056244922925,
4056244922932,
4056244922949,
4056244922956,
4056244922963,
4056244922970,
4056244922987,
4056244922994,
4056244923007,
4056244923014,
4056244923021,
4056244923038,
4056244923045,
4056244923052,
4056244923069,
4056244923076,
4056244926671,
4056244926688,
4056244926695,
4056244926701,
4056244926718,
4056244926725,
4056244926732,
4056244926749,
4056244926756,
4056244926763,
4056244926770,
4056244926787,
4056244926794,
4056244926800,
4056244926817,
4056244926824,
4056244927500,
4056244927517,
4056244927524,
4056244927531,
4056244927548,
4056244927555,
4056244927562,
4056244929504,
4056244929511,
4056244929528,
4056244929535,
4056244929542,
4056244929559,
4056244929566,
4056244929573,
4056244929580,
4056244929597,
4056244929603,
4056244929610,
4056244929627,
4056244929634,
4056244929641,
4056244930029,
4056244930036,
4056244930043,
4056244930050,
4056244930067,
4056244930074,
4056244930081,
4056244930098,
4056244930104,
4056244930111,
4056244930128,
4056244930135,
4056244930142,
4056244930159,
4056244930166,
4056244930173,
4056244930180,
4056244930197,
4056244930203,
4056244930210,
4056244930227,
4056244930234,
4056244930241,
4056244930258,
4056244930265,
4056244930272,
4056244930289,
4056244930296,
4056244930302,
4056244930319,
4056244930326,
4056244930333,
4056244930340,
4056244930357,
4056244930364,
4056244930371,
4056244930388,
4056244930395,
4056244930401,
4056244930418,
4056244930425,
4056244930432,
4056244930449,
4056244930456,
4056244930463,
4056244930470,
4056244930647,
4056244930654,
4056244930661,
4056244930678,
4056244930685,
4056244930692,
4056244930708,
4056244930715,
4056244930722,
4056244930739,
4056244930746,
4056244930753,
4056244930760,
4056244930777,
4056244930784,
4056244934515,
4056244934522,
4056244934539,
4056244934546,
4056244934553,
4056244934560,
4056244934577,
4056244934584,
4056244934591,
4056244934607,
4056244934614,
4056244934621,
4056244934638,
4056244934645,
4056244934652,
4056244934669,
4056244934676,
4056244934683,
4056244934690,
4056244934706,
4056244934713,
4056244934720,
4056244934737,
4056244934744,
4056244934751,
4056244934768,
4056244934775,
4056244934782,
4056244934799,
4056244934805,
4056244934812,
4056244934980,
4056244934997,
4056244935000,
4056244935017,
4056244935024,
4056244935031,
4056244935048,
4056244935055,
4056244935062,
4056244935079,
4056244935970,
4056244935987,
4056244935994,
4056244936007,
4056244936625,
4056244936632,
4056244936649,
4056244936656,
4056244936663,
4056244936670,
4056244936687,
4056244936694,
4056244936700,
4056244936717,
4056244936724,
4056244936731,
4056244936748,
4056244936755,
4056244936762,
4056244936779,
4056244936786,
4056244936793,
4056244936984,
4056244936991,
4056244937004,
4056244937011,
4056244937028,
4056244937035,
4056244937042,
4056244937059,
4056244937066,
4056244937073,
4056244937080,
4056244937097,
4056244937103,
4056244937110,
4056244937127,
4056244937134,
4056244937141,
4056244937158,
4056244937349,
4056244937356,
4056244937363,
4056244937370,
4056244937387,
4056244937394,
4056244937400,
4056244937417,
4056244937424,
4056244937431,
4056244937448,
4056244937455,
4056244937462,
4056244937479,
4056244937486,
4056244937493,
4056244937509,
4056244941384,
4056244941391,
4056244941407,
4056244941414,
4056244941421,
4056244941438,
4056244941445,
4056244941452,
4056244941469,
4056244941629,
4056244941636,
4056244941643,
4056244941650,
4056244941667,
4056244941674,
4056244941681,
4056244941698,
4056244941704,
4056244941711,
4056244941728,
4056244941735,
4056244941742,
4056244941759,
4056244942244,
4056244942251,
4056244942268,
4056244942275,
4056244942282,
4056244942299,
4056244942305,
4056244942312,
4056244942329,
4056244942336,
4056244942343,
4056244942350,
4056244942367,
4056244942374,
4056244942381,
4056244946587,
4056244946594,
4056244946600,
4056244946617,
4056244946624,
4056244946631,
4056244946648,
4056244946655,
4056244947218,
4056244947225,
4056244947232,
4056244947249,
4056244947256,
4056244947263,
4056244947270,
4056244947447,
4056244947454,
4056244947461,
4056244947478,
4056244947485,
4056244947492,
4056244947508,
4056244947515,
4056244947522,
4056244947539,
4056244947546,
4056244947553,
4056244947560,
4056244947577,
4056244947584,
4056244947591,
4056244947607,
4056244947614,
4056244947621,
4056244947638,
4056244947645,
4056244947652,
4056244947669,
4056244947676,
4056244947683,
4056244947690,
4056244947706,
4056244947713,
4056244947720,
4056244947737,
4056244947744,
4056244947751,
4056244947768,
4056244947775,
4056244947782,
4056244947799,
4056244947805,
4056244947812,
4056244948000,
4056244948017,
4056244948024,
4056244948031,
4056244948048,
4056244948055,
4056244948062,
4056244948079,
4056244948086,
4056244948093,
4056244948109,
4056244948116,
4056244948123,
4056244948130,
4056244948147,
4056244948154,
4056244948161,
4056244948178,
4056244948543,
4056244948550,
4056244948567,
4056244948574,
4056244948581,
4056244948598,
4056244948604,
4056244948611,
4056244948628,
4056244948635,
4056244948642,
4056244948659,
4056244948666,
4056244948673,
4056244948680,
4056244948697,
4056244948703,
4056244949458,
4056244949465,
4056244953776,
4056244953783,
4056244953790,
4056244953806,
4056244953813,
4056244953820,
4056244953837,
4056244953844,
4056244953851,
4056244953868,
4056244953875,
4056244953882,
4056244953899,
4056244953905,
4056244961917,
4056244961924,
4056244961931,
4056244961948,
4056244961955,
4056244961962,
4056244961979,
4056244961986,
4056244961993,
4056244962006,
4056244962013,
4056244962020,
4056244962037,
4056244962044,
4056244962051,
4056244967858,
4056244967865,
4056244970452,
4056244970469,
4056244970476,
4056244970483,
4056244971701,
4056244971718,
4056244971725,
4056244971732,
4056244971749,
4056244971756,
4056244971763,
4056244971770,
4056244971787,
4056244971794,
4056244971800,
4056244971817,
4056244974030,
4056244974115,
4056244974177,
4056244974184,
4056244974191,
4056244974207,
4056244974214,
4056244974221,
4056244974238,
4056244975594,
4056244975600,
4056244975617,
4056244975624,
4056244975631,
4056244975648,
4056244975655,
4056244975662,
4056244976300,
4056244976874,
4056244976881,
4056244981021,
4056244981038,
4056244981045,
4056244981052,
4056244981069,
4056244981076,
4056244981083,
4056244981090,
4056244981106,
4056244981113,
4056244981120,
4056244981137,
4056244981144,
4056244981151,
4056244981168,
4056244981601,
4056244981625,
4056244981649,
4056244981717,
4056244981724,
4056244981731,
4056244981748,
4056244981755,
4056244981762,
4056244982127,
4056244982332,
4056244982363,
4056244982370,
4056244982851,
4056244983384,
4056244983728,
4056244983773,
4056244983858,
4056244983902,
4056244983933,
4056244983957,
4056244984015,
4056244984077,
4056244984091,
4056244984107,
4056244984114,
4056244984121,
4056244984138,
4056244984176,
4056244984183,
4056244984190,
4056244984206,
4056244984213,
4056244984220,
4056244984732,
4056244984749,
4056244984756,
4056244984763,
4056244984770,
4056244984787,
4056244984794,
4056244984800,
4056244984817,
4056244984824,
4056244984831,
4056244984848,
4056244984855,
4056244984862,
4056244984879,
4056244984886,
4056244984893,
4056244984909,
4056244984916,
4056244984923,
4056244984930,
4056244984947,
4056244984954,
4056244984961,
4056244984978,
4056244984985,
4056244984992,
4056244985005,
4056244985012,
4056244985029,
4056244985036,
4056244985043,
4056244985050,
4056244985067,
4056244985074,
4056244985081,
4056244985098,
4056244985104,
4056244985111,
4056244985128,
4056244985135,
4056244985142,
4056244985159,
4056244985166,
4056244985173,
4056244985180,
4056244985197,
4056244985203,
4056244985210,
4056244985227,
4056244985234,
4056244985241,
4056244985258,
4056244985265,
4056244985272,
4056244985289,
4056244985296,
4056244985302,
4056244985319,
4056244985326,
4056244985333,
4056244985340,
4056244985357,
4056244985364,
4056244985371,
4056244985388,
4056244985395,
4056244985401,
4056244985418,
4056244985425,
4056244985432,
4056244985685,
4056244985692,
4056244986040,
4056244986057,
4056244986064,
4056244986071,
4056244986088,
4056244986095,
4056244986101,
4056244986118,
4056244986125,
4056244986132,
4056244986149,
4056244986156,
4056244986163,
4056244986170,
4056244986187,
4056244986422,
4056244986439,
4056244986446,
4056244986453,
4056244986460,
4056244986477,
4056244986484,
4056244986491,
4056244986507,
4056244986514,
4056244986521,
4056244986538,
4056244986545,
4056244986552,
4056244986569,
4056244986576,
4056244986583,
4056244986590,
4056244986606,
4056244986613,
4056244986620,
4056244986637,
4056244986644,
4056244986651,
4056244986903,
4056244986910,
4056244986927,
4056244986934,
4056244986941,
4056244986958,
4056244986965,
4056244986972,
4056244986989,
4056244986996,
4056244987009,
4056244987016,
4056244987023,
4056244987030,
4056244987047,
4056244987351,
4056244987368,
4056244987375,
4056244987382,
4056244987399,
4056244987405,
4056244987412,
4056244987429,
4056244987436,
4056244987443,
4056244987450,
4056244987467,
4056244987474,
4056244987481,
4056244987498,
4056244987504,
4056244987511,
4056244987528,
4056244987535,
4056244987542,
4056244987559,
4056244987566,
4056244987573,
4056244987580,
4056244987597,
4056244987603,
4056244987610,
4056244987627,
4056244987634,
4056244987641,
4056244987658,
4056244987665,
4056244987672,
4056244987689,
4056244987696,
4056244987702,
4056244987719,
4056244987726,
4056244988709,
4056244988716,
4056244988723,
4056244988730,
4056244988747,
4056244988754,
4056244988761,
4056244988778,
4056244988785,
4056244988792,
4056244988808,
4056244988815,
4056244988822,
4056244988839,
4056244988846,
4056244988853,
4056244988860,
4056244988877,
4056244988969,
4056244988976,
4056244988983,
4056244988990,
4056244989003,
4056244989010,
4056244989027,
4056244989034,
4056244989133,
4056244989140,
4056244989157,
4056244989164,
4056244989171,
4056244989188,
4056244989195,
4056244989201,
4056244989218,
4056244989225,
4056244989232,
4056244989249,
4056244989256,
4056244989263,
4056244989270,
4056244989287,
4056244989508,
4056244989515,
4056244989522,
4056244989539,
4056244989546,
4056244989553,
4056244989560,
4056244989577,
4056244990108,
4056244990115,
4056244990122,
4056244990139,
4056244990146,
4056244990153,
4056244990160,
4056244990177,
4056244990184,
4056244990191,
4056244990207,
4056244990214,
4056244990221,
4056244990238,
4056244990245,
4056244990252,
4056244990269,
4056244990276,
4056244990283,
4056244990290,
4056244990306,
4056244990313,
4056244990320,
4056244990337,
4056244990344,
4056244990351,
4056244990450,
4056244990467,
4056244990474,
4056244990481,
4056244990498,
4056244990504,
4056244990511,
4056244990528,
4056244990535,
4056244990610,
4056244990627,
4056244990634,
4056244990641,
4056244990658,
4056244990665,
4056244990672,
4056244990689,
4056244990696,
4056244990702,
4056244990719,
4056244990726,
4056244990733,
4056244990740,
4056244990757,
4056244990764,
4056244990771,
4056244990788,
4056244990795,
4056244990801,
4056244990818,
4056244990825,
4056244990832,
4056244990849,
4056244990856,
4056244990863,
4056244990870,
4056244990887,
4056244990894,
4056244990900,
4056244990917,
4056244993093,
4056244993109,
4056244993116,
4056244993123,
4056244993130,
4056244993147,
4056244993154,
4056244993161,
4056244993178,
4056244993185,
4056244993192,
4056244993208,
4056244993215,
4056244993222,
4056244993239,
4056244993246,
4056244993987,
4056244993994,
4056244994038,
4056244994045,
4056244994465,
4056244994472,
4056244994489,
4056244994496,
4056244994502,
4056244994519,
4056244994526,
4056244994533,
4056244994540,
4056244994557,
4056244994564,
4056244994571,
4056244994588,
4056244994595,
4056244994601,
4056244994618,
4056244994625,
4056244994632,
4056244994649,
4056244994656,
4056244994663,
4056244994670,
4056244994687,
4056244994694,
4056244994700,
4056244994717,
4056244994724,
4056244994731,
4056244994748,
4056244994755,
4056244994762,
4056244994779,
4056244994786,
4056244994793,
4056244994809,
4056244994816,
4056244994823,
4056244994830,
4056244994847,
4056244994854,
4056244994861,
4056244994878,
4056244994885,
4056244994892,
4056244994908,
4056244994915,
4056244994922,
4056244994960,
4056244996421,
4056244996438,
4056244996445,
4056244996452,
4056244996469,
4056244996476,
4056244996544,
4056244996551,
4056244996568,
4056244996575,
4056244996582,
4056244996599,
4056244996605,
4056244996612,
4056244996629,
4056244996759,
4056244996766,
4056244996773,
4056244996780,
4056244996964,
4056244996971,
4056244996988,
4056244996995,
4056244997008,
4056244997015,
4056244997022,
4056244997039,
4056244997046,
4056244997053,
4056244997060,
4056244997077,
4056244997084,
4056244997091,
4056244997107,
4056244997114,
4062795001118,
4062795001125,
4062795001132,
4062795001149,
4062795001156,
4062795001163,
4062795001170,
4062795001187,
4062795001439,
4062795001446,
4062795001453,
4062795001460,
4062795001477,
4062795001484,
4062795001491,
4062795001507,
4062795001989,
4062795001996,
4062795002146,
4062795002153,
4062795002160,
4062795002177,
4062795002184,
4062795002191,
4062795002207,
4062795008520,
4062795008537,
4062795008544,
4062795008551,
4062795008568,
4062795008575,
4062795008582,
4062795008599,
4062795021338,
4062795021345,
4062795021352,
4062795021369,
4062795021376,
4062795021383,
4062795021390,
4062795025312,
4062795025503,
4062795031993,
4062795032006,
4062795032013,
4062795032020,
4062795032037,
4062795032044,
4062795032051,
4062795035076,
4062795035083,
4062795035090,
4062795035106,
4062795035113,
4062795035120,
4062795035137,
4062795035144,
4062795035151,
4062795035168,
4062795035175,
4062795035182,
4062795035199,
4062795035205,
4062795035212,
4062795035229,
4062795035236,
4062795035243,
4062795035250,
4062795035267,
4062795035274,
4062795035281,
4062795035298,
4062795035380,
4062795035397,
4062795035403,
4062795035410,
4062795035427,
4062795035434,
4062795035441,
4062795035458,
4062795035465,
4062795035472,
4062795035489,
4062795035496,
4062795035502,
4062795035519,
4062795035526,
4062795035533,
4062795035540,
4062795035557,
4062795035564,
4062795035571,
4062795035588,
4062795035595,
4062795035601,
4062795035618,
4062795035625,
4062795035632,
4062795035649,
4062795035656,
4062795035663,
4062795035670,
4062795035687,
4062795036530,
4062795036547,
4062795036554,
4062795036561,
4062795036578,
4062795036585,
4062795036592,
4062795036608,
4062795036615,
4062795036622,
4062795036639,
4062795036646,
4062795036653,
4062795036660,
4062795051076,
4062795051083,
4062795051090,
4062795051106,
4062795051113,
4062795051120,
4062795051137,
4062795054466,
4062795054473,
4062795054480,
4062795054497,
4062795054503,
4062795054510,
4062795054527,
4062795065844,
4062795065851,
4062795065868,
4062795065875,
4062795065882,
4062795065899,
4062795065905,
4062795065912,
4062795065929,
4062795065936,
4062795066094,
4062795066100,
4062795066117,
4062795066124,
4062795066131,
4062795066148,
4062795066650,
4062795066667,
4062795066674,
4062795066681,
4062795066698,
4062795066704,
4062795066711,
4062795067732,
4062795067749,
4062795067756,
4062795067763,
4062795067770,
4062795067787,
4062795067794,
4062795067800,
4062795067817,
4062795067824,
4062795069354,
4062795069361,
4062795069378,
4062795069385,
4062795069392,
4062795069408,
4062795069415,
4062795069873,
4062795069880,
4062795069897,
4062795069903,
4062795069910,
4062795069927,
4062795073023,
4062795073030,
4062795073047,
4062795073054,
4062795073061,
4062795073078,
4062795073085,
4062795073092,
4062795073108,
4062795073115,
4062795096893,
4062795096909,
4062795096916,
4062795096923,
4062795116836,
4062795116843,
4062795116850,
4062795116867,
4062795116874,
4062795116881,
4062795116898,
4062795116904,
4062795116911,
4062795116928,
4062795116935,
4062795116942,
4062795116959,
4062795116966,
4062795117116,
4062795117123,
4062795117130,
4062795117147,
4062795117154,
4062795117161,
4062795117178,
4062795117185,
4062795117192,
4062795117208,
4062795117215,
4062795117222,
4062795117239,
4062795117246,
4062795117253,
4062795117260,
4062795117277,
4062795117284,
4062795117291,
4062795117307,
4062795117314,
4062795117321,
4062795117338,
4062795117345,
4062795117352,
4062795117369,
4062795117376,
4062795117444,
4062795117451,
4062795117468,
4062795117475,
4062795117482,
4062795117499,
4062795117505,
4062795117512,
4062795137404,
4062795137411,
4062795137428,
4062795137435,
4062795137442,
4062795137459,
4062795137527,
4062795137534,
4062795137541,
4062795137558,
4062795137565,
4062795137572,
4062795138555,
4062796009427,
4062796009434,
4062796009441,
4062796009458,
4062796009465,
4062796009472,
4062796009489,
4062796009496,
4062796009502,
4062796009519,
4062796009526,
4062796009533,
4062796009540,
4062796009557,
4062796009564,
4062796009571,
4062796009588,
4062796009595,
4062796009601,
4062796009618,
4062796009625,
4062796009632,
4062796010522,
4062796010539,
4062796010546,
4062796010553,
4062796010560,
4062796010577,
4062796010584,
4062796010591,
4062796010607,
4062796010614,
4062796010621,
4062796010638,
4062796010645,
4062796010652,
4062796010669,
4062796010676,
4062796010683,
4062796010690,
4062796010706,
4062796010713,
4062796010720,
4062796019235,
4062796020590,
4062796020606,
4062796020613,
4062796020620,
4062796020637,
4062796020644,
4062796020651,
4062796020668,
4062796020675,
4062796020682,
4062796020699,
4062796020705,
4062796020712,
4062796020729,
4062796020736,
4062796020743,
4062796020750,
4062796020767,
4062796020774,
4062796020781,
4062796020798,
4062796020804,
4062796020811,
4062796020828,
4062796020835,
4062796020842,
4062796020859,
4062796020866,
4062796020873,
4062796020880,
4062796020897,
4062796020903,
4062796020910,
4062796020927,
4062796020934,
4062796020941,
4062796020958,
4062796020965,
4062796020972,
4062796020989,
4062796020996,
4062796021009,
4062796024284,
4062796024291,
4062796024307,
4062796024314,
4062796024321,
4062796024338,
4062796024345,
4062796024352,
4062796024369,
4062796024376,
4062796024383,
4062796024390,
4062796024406,
4062796024413,
4062796024420,
4062796024437,
4062796024444,
4062796024451,
4062796024468,
4062796024475,
4062796024482,
4062796024499,
4062796024727,
4062796024734,
4062796024741,
4062796024758,
4062796024765,
4062796024772,
4062796024789,
4062796024796,
4062796024802,
4062796024819,
4062796024826,
4062796024833,
4062796024840,
4062796024857,
4062796024864,
4062796024871,
4062796024888,
4062796024895,
4062796024901,
4062796024918,
4062796024925,
4062796024932,
4062796030742,
4062796030759,
4062796030766,
4062796030773,
4062796030780,
4062796030797,
4062796030803,
4062796030810,
4062796030827,
4062796030834,
4062796030841,
4062796030858,
4062796030865,
4062796030872,
4062796030889,
4062796030896,
4062796030902,
4062796030919,
4062796030926,
4062796030933,
4062796030940,
4062796030957,
4062796030964,
4062796030971,
4062796030988,
4062796030995,
4062796031008,
4062796031015,
4062796031022,
4062796031039,
4062796031046,
4062796031053,
4062796031060,
4062796031077,
4062796031084,
4062796031091,
4062796031107,
4062796031114,
4062796031121,
4062796031138,
4062796031145,
4062796031152,
4062796031169,
4062796031176,
4062796031619,
4062796031626,
4062796031633,
4062796031640,
4062796031657,
4062796031664,
4062796031671,
4062796031688,
4062796031695,
4062796031701,
4062796031718,
4062796031725,
4062796031732,
4062796031749,
4062796031756,
4062796031763,
4062796031770,
4062796031787,
4062796031794,
4062796031800,
4062796031817,
4062796031824,
4062796031831,
4062796031848,
4062796031855,
4062796031862,
4062796031879,
4062796031886,
4062796031893,
4062796031909,
4062796031916,
4062796031923,
4062796031930,
4062796031947,
4062796031954,
4062796031961,
4062796031978,
4062796031985,
4062796031992,
4062796032005,
4062796032012,
4062796032029,
4062796032036,
4062796032043,
4062796032050,
4062796032067,
4062796032074,
4062796032081,
4062796032098,
4062796032104,
4062796032111,
4062796032128,
4062796032135,
4062796032142,
4062796032159,
4062796032166,
4062796032173,
4062796032180,
4062796032197,
4062796032203,
4062796032210,
4062796032227,
4062796032234,
4062796032241,
4062796032258,
4062796032265,
4062796032937,
4062796032944,
4062796032951,
4062796032968,
4062796032975,
4062796032982,
4062796032999,
4062796033002,
4062796033019,
4062796033026,
4062796033033,
4062796033040,
4062796033057,
4062796033064,
4062796033071,
4062796033088,
4062796033095,
4062796033101,
4062796033118,
4062796033125,
4062796033132,
4062796033149,
4062796037116,
4062796037123,
4062796037130,
4062796037147,
4062796037154,
4062796037161,
4062796037178,
4062796037185,
4062796037192,
4062796037208,
4062796037215,
4062796037222,
4062796037239,
4062796037246,
4062796037253,
4062796037260,
4062796037277,
4062796037284,
4062796037291,
4062796037307,
4062796037314,
4062796037321,
4062796037765,
4062796037772,
4062796037789,
4062796037796,
4062796037802,
4062796037819,
4062796037826,
4062796037833,
4062796037840,
4062796037857,
4062796037864,
4062796038410,
4062796038427,
4062796038434,
4062796038441,
4062796038458,
4062796038465,
4062796038472,
4062796038489,
4062796038496,
4062796038502,
4062796038519,
4062796038748,
4062796038755,
4062796038762,
4062796038779,
4062796038786,
4062796038793,
4062796038809,
4062796038816,
4062796038823,
4062796038830,
4062796038847,
4062796041823,
4062796041830,
4062796041847,
4062796041854,
4062796041861,
4062796041878,
4062796041885,
4062796041892,
4062796041908,
4062796041915,
4062796041922,
4062796041939,
4062796041946,
4062796041953,
4062796041960,
4062796041977,
4062796041984,
4062796041991,
4062796042004,
4062796042011,
4062796042028,
4062796042035,
4062796042486,
4062796042493,
4062796042509,
4062796042516,
4062796042523,
4062796042530,
4062796042547,
4062796042554,
4062796042561,
4062796042578,
4062796042585,
4062796042592,
4062796042608,
4062796042615,
4062796042622,
4062796042639,
4062796042646,
4062796042653,
4062796042660,
4062796042677,
4062796042684,
4062796042691,
4062796044893,
4062796044909,
4062796044916,
4062796044923,
4062796044930,
4062796044947,
4062796044954,
4062796044961,
4062796044978,
4062796044985,
4062796044992,
4062796045005,
4062796045012,
4062796045029,
4062796045036,
4062796045043,
4062796045050,
4062796045067,
4062796045074,
4062796045081,
4062796045098,
4062796055745,
4062796055752,
4062796055769,
4062796055776,
4062796055783,
4062796055790,
4062796055806,
4062796055813,
4062796055820,
4062796055837,
4062796055844,
4062796055851,
4062796055868,
4062796055875,
4062796055882,
4062796055899,
4062796055905,
4062796055912,
4062796055929,
4062796055936,
4062796055943,
4062796055950,
4062796056179,
4062796056186,
4062796056193,
4062796056209,
4062796056216,
4062796056223,
4062796056230,
4062796056247,
4062796056254,
4062796056261,
4062796056278,
4062796056285,
4062796056292,
4062796056308,
4062796056315,
4062796056322,
4062796056339,
4062796056346,
4062796056353,
4062796056360,
4062796056377,
4062796056384,
4062796056391,
4062796056407,
4062796056414,
4062796056421,
4062796056438,
4062796056445,
4062796056452,
4062796056469,
4062796056476,
4062796056483,
4062796056490,
4062796056506,
4062796056513,
4062796056520,
4062796056537,
4062796056544,
4062796056551,
4062796056568,
4062796056575,
4062796056582,
4062796056599,
4062796058807,
4062796058814,
4062796058821,
4062796058838,
4062796058845,
4062796058852,
4062796058869,
4062796058876,
4062796058883,
4062796058890,
4062796058906,
4062796058913,
4062796058920,
4062796058937,
4062796058944,
4062796058951,
4062796058968,
4062796058975,
4062796058982,
4062796058999,
4062796059002,
4062796062026,
4062796062033,
4062796062040,
4062796062057,
4062796062064,
4062796062071,
4062796062088,
4062796062095,
4062796062101,
4062796062118,
4062796062125,
4062796062132,
4062796062149,
4062796062156,
4062796062163,
4062796063665,
4062796063672,
4062796063689,
4062796063696,
4062796063702,
4062796063719,
4062796063726,
4062796063733,
4062796063900,
4062796063917,
4062796063924,
4062796063931,
4062796063948,
4062796063955,
4062796063962,
4062796063979,
4062796063986,
4062796063993,
4062796064006,
4062796064013,
4062796064020,
4062796064037,
4062796064044,
4062796064051,
4062796064068,
4062796064075,
4062796064082,
4062796064099,
4062796064105,
4062796064112,
4062796064129,
4062796064136,
4062796067922,
4062796137885,
4062796137892,
4062796137908,
4062796137915,
4062796137922,
4062796137939,
4062796137946